artigoEmPeriodico	2012		Performance evaluation of resource-aware busness processes using stochastic automata networks	International Journal of Innovative Computing, Information Control	BRAGHETTO, K. R. ; FERREIRA, J. E. ; VINCENT, J.	A2	International Journal of Innovative Computing, Information & Control
artigoEmPeriodico	2012	http://dx.doi.org/10.1007/s11263-012-0541-8	Improving Head Movement Tolerance of Cross-Ratio Based Eye Trackers	International Journal of Computer Vision	Coutinho, Flavio L. ; Morimoto, Carlos H.	A1	
artigoEmPeriodico	2012	http://dx.doi.org/10.1111/j.1537-2995.2012.03840.x	Prevalence of serologic markers for hepatitis B and C viruses in Brazilian blood donors and incidence and residual risk of transfusion transmission of hepatitis C virus	Transfusion (Arlington, Va.),	de Almeida-Neto, Cesar ; Sabino, Ester Cerdeira ; Liu, Jing ; Blatyta, Paula Fraiman ; Mendrone-Junior, Alfredo ; Salles, Nanci Alves ; Leão, Silvana Carneiro ; Wright, David J. ; Basques, Fernando Valadares ; Ferreira, João Eduardo ; Busch, Michael P. ; Murphy, Edward L.	B2	Transfusion (Arlington, Va.)
artigoEmPeriodico	2012		Long Lived Transaction Processing for Business Processes and Scientific Workflows	Journal of Information and Data Management - JIDM	FERREIRA, J. E. ; Araújo, Luciano V ; BRAGHETTO, K. R. ; ITALIANO, I. C. ; OIKAWA, M. K. ; TAKECIAN, P. L.	B3	Journal of Information and Data Management JIDM
artigoEmPeriodico	2012		An Implementation of a Transaction Model for Business Process Systems	Journal of Information and Data Management - JIDM	Garcia, M.O. ; BRAGHETTO, K. R. ; PU, C. ; FERREIRA, J. E.	B3	Journal of Information and Data Management JIDM
artigoEmPeriodico	2012	http://dx.doi.org/10.1111/j.1537-2995.2011.03387.x	Blood transfusion utilization and recipient survival at Hospital das Clinicas in SÃ o Paulo, Brazil	Transfusion (Arlington, Va.)	Goncalez, Thelma T. ; Sabino, Ester C. ; Capuani, Ligia ; Liu, Jing ; Wright, David J. ; Walsh, Judy H. ; FERREIRA, J. E. ; Chamone, Dalton A. ; Busch, Michael P. ; Custer, Brian	B2	
artigoEmPeriodico	2012	http://dx.doi.org/10.1111/j.1537-2995.2012.03820.x	Analysis of donor deferral at three blood centers in Brazil	Transfusion (Arlington, Va.)	Gonçalez, Thelma T. ; Sabino, Ester C. ; SCHLUMPF, KAREN S. ; Wright, David J. ; MENDRONE, ALFREDO ; LOPES, MARIA ; LEÃO, SILVANA ; MIRANDA, CAROLINA ; Capuani, Ligia ; CARNEIRO-PROIETTI, ANNA BARBARA F. ; BASQUES, FERNANDO ; Ferreira, João E. ; Busch, Michael ; Custer, Brian	B2	
artigoEmPeriodico	2012	http://dx.doi.org/10.1371/journal.pone.0029596	Trypanosoma cruzi Gene Expression in Response to Gamma Radiation	Plos One	Grynberg, Priscila ; Passos-Silva, Danielle Gomes ; Mourão, Marina de Moraes ; Hirata Jr, Roberto ; Macedo, Andrea Mara ; Machado, Carlos Renato ; Bartholomeu, Daniella Castanheira ; Franco, Glória Regina	A1	
artigoEmPeriodico	2012	http://dx.doi.org/10.1186/1532-429X-14-S1-P35	Left ventricular remodeling following myocardial infarction revealed with a quantitative diffusion MRI tractography framework	Journal of Cardiovascular Magnetic Resonance	Mekkaoui, Choukri ; Huang, Shuning ; Dai, Guangping ; Reese, Timothy G ; Thiagalingam, Aravinda ; Maurovich-Horvat, Pal ; Ruskin, Jeremy ; Hoffmann, Udo ; Jackowski, Marcel P ; Sosnovik, David E	Qualis nao identificado	Journal of Cardiovascular Magnetic Resonance
artigoEmPeriodico	2012		Diffusion MRI tractography of the human heart In Vivo at end-diastole and end-systole	Journal of Cardiovascular Magnetic Resonance	Mekkaoui, Choukri ; NIELLES-VALLESPIN, S. ; GATEHOUSE, P. ; Jackowski, Marcel P. ; FIRMIN, D. N. ; Sosnovik, D.	Qualis nao identificado	Journal of Cardiovascular Magnetic Resonance
artigoEmPeriodico	2012		Perfil de produção acadêmica dos programas brasileiros de pós-graduação em Ciência da Computação nos triênios 2004-2006 e 2007-2009	Em Questão (UFRGS. Impresso)	MENA-CHALCO, J. P. ; DIGIAMPIETRI, L. A. ; OLIVEIRA, L. B.	C	
artigoEmPeriodico	2012	http://dx.doi.org/10.1186/1532-429X-14-S1-P238	Diffusion tensor MRI of the human heart In Vivo with a navigator based free breathing approach	Journal of Cardiovascular Magnetic Resonance	Nielles-Vallespin, Sonia ; Mekkaoui, Choukri ; Gatehouse, Peter D ; Reese, Timothy G ; Keegan, Jennifer ; Collins, Steven ; Speier, Peter ; Feiweier, Thorsten ; Jackowski, Marcel P ; Sosnovik, David E ; Firmin, David N	Qualis nao identificado	Journal of Cardiovascular Magnetic Resonance
artigoEmPeriodico	2012	http://dx.doi.org/10.1016/j.patcog.2011.08.017	Interactive image segmentation by matching attributed relational graphs	Pattern Recognition	Noma, Alexandre ; Graciano, Ana B.V. ; Cesar Jr, Roberto M. ; Consularo, Luis A. ; BLOCH, Isabelle	A1	
artigoEmPeriodico	2012	http://dx.doi.org/10.1111/j.1537-2995.2011.03248.x	Number of recent sexual partners among blood donors in Brazil: associations with donor demographics, donation characteristics, and infectious disease markers	Transfusion (Arlington, Va.)	Patavino, Giuseppina Maria ; De Almeida-Neto, Cesar ; Liu, Jing ; Wright, David J. ; Mendrone-Junior, Alfredo ; Ferreira, Maria Inês Lopes ; de Freitas Carneiro, Anna Bárbara ; Custer, Brian ; Ferreira, João Eduardo ; Busch, Michael P. ; Sabino, Ester Cerdeira	B2	
artigoEmPeriodico	2012	http://dx.doi.org/10.1111/j.1537-2995.2011.03344.x	Human immunodeficiency virus prevalence, incidence, and residual risk of transmission by transfusions at Retrovirus Epidemiology Donor Study-II blood centers in Brazil	Transfusion (Arlington, Va.)	Sabino, Ester C. ; Gonçalez, Thelma T. ; Carneiro-Proietti, Anna Bárbara ; Sarr, Moussa ; Ferreira, João Eduardo ; Sampaio, Divaldo A. ; Salles, Nanci A. ; Wright, David J. ; Custer, Brian ; Busch, Michael	B2	
artigoEmPeriodico	2012	http://dx.doi.org/10.1016/j.patcog.2011.06.016	Modeling and measuring the spatial relation along : Regions, contours and fuzzy sets	Pattern Recognition	TAKEMURA, Celina Maki ; Cesar, Roberto M. ; BLOCH, Isabelle	A1	
artigoEmPeriodico	2012	http://dx.doi.org/10.1186/1471-2164-13-S6-S7	Assessing the Gain of Biological Data Integration in Gene Networks Inference	BMC Genomics	VICENTE, FÁBIO FR ; LOPES, FABRÍCIO M ; HASHIMOTO, RONALDO F ; Cesar, Roberto M	B1	
artigoEmPeriodico	2011	http://dx.doi.org/10.1186/1471-2164-12-S4-S13	A rigorous approach to facilitate and guarantee the correctness of the genetic testing management in human genome information systems	BMC Genomics	Araújo, Luciano V ; Malkowski, Simon ; BRAGHETTO, K. R. ; Passos-Bueno, Maria R ; Zatz, Mayana ; FERREIRA, J. E. ; Pu, Calton	B1	
artigoEmPeriodico	2011	http://dx.doi.org/10.1111/j.1537-2995.2010.02799.x	Demographic characteristics and prevalence of serologic markers among blood donors who use confidential unit exclusion (CUE) in São Paulo, Brazil: implications for modification of CUE polices in Brazil	Transfusion (Arlington, Va.)	de Almeida-Neto, Cesar ; Liu, Jing ; Wright, David J. ; Mendrone-Junior, Alfredo ; Takecian, Pedro L. ; Sun, Yu ; FERREIRA, J. E. ; de Alencar Fischer Chamone, Dalton ; Busch, Michael P. ; Sabino, Ester Cerdeira	B2	
artigoEmPeriodico	2011	http://dx.doi.org/10.1186/1753-6561-5-S2-S5	Constraint-based analysis of gene interactions using restricted boolean networks and time-series data	BMC Proceedings	Higa, Carlos HA ; Louzada, Vitor HP ; Andrade, Tales P ; Hashimoto, Ronaldo F	B3	ASLIB Proceedings
artigoEmPeriodico	2011	http://dx.doi.org/10.1186/1752-0509-5-61	Inference of gene regulatory networks from time series by Tsallis entropy	BMC Systems Biology	Lopes, Fabrício ; de Oliveira, Evaldo A ; Cesar, Roberto M	B2	
artigoEmPeriodico	2011	http://dx.doi.org/10.1089/cmb.2010.0118	Gene Expression Complex Networks: Synthesis, Identification, and Analysis	Journal of Computational Biology	Lopes, Fabrício M. ; Cesar, Roberto M. ; Costa, Luciano Da F.	A1	
artigoEmPeriodico	2011	http://dx.doi.org/10.1186/1532-429X-13-S1-P19	From qualitative to quantitative tractography: a novel method to measure variation and error in diffusion mr tractography datasets of the myocardium	Journal of Cardiovascular Magnetic Resonance	Mekkaoui, Choukri ; Huang, Shuning ; Dai, Guangping ; Reese, Timothy G ; Thiagalingham, Aravinda ; Hoffmann, Udo ; Jackowski, Marcel P ; Sosnovik, David E	Qualis nao identificado	Journal of Cardiovascular Magnetic Resonance
artigoEmPeriodico	2011	http://dx.doi.org/10.1186/1532-429X-13-S1-O44	Classification of myofibers using statistics of the helix angle: a novel approach to characterize the structure of the human heart	Journal of Cardiovascular Magnetic Resonance	Mekkaoui, Choukri ; Huang, Shuning ; Dai, Guangping ; Reese, Timothy G ; Thiagalingham, Aravinda ; Hoffmann, Udo ; Jackowski, Marcel P ; Sosnovik, David E	Qualis nao identificado	Journal of Cardiovascular Magnetic Resonance
artigoEmPeriodico	2011		Computer Vision based Machine Interaction	SBC Journal on 3D Interactive Systems	Morimoto, Carlos H. ; COUTINHO, Flavio Luis ; J. R. da Silva ; Ghirotti, S.E. ; SANTOS, Thiago Teixeira	Qualis nao identificado	SBC Journal on 3D Interactive Systems
artigoEmPeriodico	2011	http://dx.doi.org/10.1016/j.patrec.2010.02.016	Structural matching of 2D electrophoresis gels using deformed graphs	Pattern Recognition Letters	Noma, Alexandre ; Pardo, Alvaro ; Cesar Jr., Roberto M.	A1	
artigoEmPeriodico	2011	http://dx.doi.org/10.1016/j.entcs.2011.11.031	Robust Range Finder Through a Laser Pointer and a Webcam	Electronic Notes in Theoretical Computer Science	Portugal-Zambrano, Christian E. ; MENA-CHALCO, JESÚS P.	B1	
artigoEmPeriodico	2011	http://dx.doi.org/10.1155/2011/304875	Corpus Callosum Microstructural Changes Correlate with Cognitive Dysfunction in Early Stages of Relapsing-Remitting Multiple Sclerosis: Axial and Radial Diffusivities Approach	Multiple Sclerosis International	Rimkus, Carolina de Medeiros ; JUNQUEIRA, T. F. ; Lyra, Katarina Paz ; Jackowski, Marcel P. ; Machado, Melissa A. R. ; Miotto, Eliane C. ; Callegaro, Dagoberto ; Otaduy, Maria ConcepciÃ n GarcÃ a ; Leite, Claudia da Costa	Qualis nao identificado	Multiple Sclerosis International
artigoEmPeriodico	2011	http://dx.doi.org/10.1016/j.patrec.2010.05.016	Multiple camera people detection and tracking using support integration	Pattern Recognition Letters	Santos, Thiago T. ; Morimoto, Carlos H.	A1	
artigoEmPeriodico	2011	http://dx.doi.org/10.1016/j.cag.2011.01.012	Automatic camera control in virtual environments augmented using multiple sparse videos	Computers Graphics	Silva, Jeferson R. ; Santos, Thiago T. ; Morimoto, Carlos H.	B1	Computers & Graphics
artigoEmPeriodico	2011	http://dx.doi.org/10.1007/s12042-011-9079-0	The Sugarcane Genome Challenge: Strategies for Sequencing a Highly Complex Genome	Tropical Plant Biology	Souza, Glaucia Mendes ; Berges, Helene ; Bocs, Stephanie ; Casu, Rosanne ; FERREIRA, J. E. ; Dâ Hont, Angelique ; Henry, Robert ; Ming, Ray ; Potier, Bernard ; Sluys, Marie-Anne ; Vincentz, Michel ; Paterson, Andrew H.	Qualis nao identificado	Tropical Plant Biology
artigoEmPeriodico	2010	http://dx.doi.org/10.1016/j.patrec.2009.03.019	An Information Theory framework for two-stage binary image operator design	Pattern Recognition Letters	Santos, Carlos S. ; Hirata, Nina S.T. ; Hirata, Roberto	A1	
artigoEmPeriodico	2010		Refraction corrected transmission ultrasound computed tomography for application in breast imaging	Medical Physics (Lancaster)	LI, S. ; JACKOWSKI, M. ; DIONE, D. P. ; VARSLOT, T. ; STAIB, L. H. ; MUELLER, K.	B1	
artigoEmPeriodico	2010	http://dx.doi.org/10.1158/1940-6207.CAPR-09-0162	Early Changes in Gene Expression Induced by Tobacco Smoke: Evidence for the Importance of Estrogen within Lung Tissue	Cancer Prevention Research	MEIRELES, S. I. ; Esteves, G. H. ; Hirata, R. ; Peri, S. ; Devarajan, K. ; Slifker, M. ; Mosier, S. L. ; Peng, J. ; Vadhanam, M. V. ; Hurst, H. E. ; NEVES, E. J. ; REIS, L. F. ; Gairola, C. G. ; Gupta, R. C. ; Clapper, M. L.	B1	Cancer Prevention Research (Philadelphia)
artigoEmPeriodico	2010		CLINMALDB: A Clinical Field-Research Oriented Relational Database to Study Human Malaria	IADIS International Journal on WWW/Internet	OIKAWA, M. K. ; MERINO, E. F. ; FERNANDEZ-BECERRA, C. ; WUNDERLICH, G. ; VILLALOBOS, J. M. ; SILVA, P. P. S. B. ; BARRERA, J. ; DURHAM, A. M. ; DELPORTILLO, H. A. ; FERREIRA, J. E.	B5	IADIS International Journal on WWWInternet
artigoEmPeriodico	2009		Demographic profile of blood donors at three major Brazilian blood centers: results from the International REDS-II study, 2007 to 2008	Transfusion (Arlington, Va.)	CARNEIRO-PROIETTI, A. B. ; SABINO, E. C. ; Sampaio, Divaldo ; Proietti, Fernando A. ; GONCALVES, T. T. ; OLIVEIRA, C. D. L. ; FERREIRA, J. E. ; Liu, Jing ; Schreiber, George B. ; Murphy, Edward L. ; BUSCH, M. P.	B2	
artigoEmPeriodico	2009	http://dx.doi.org/10.1109/TPAMI.2008.118	Multilevel Training of Binary Morphological Operators	IEEE Transactions on Pattern Analysis and Machine Intelligence	Hirata, N.S.T.	A1	
artigoEmPeriodico	2009	http://dx.doi.org/10.1016/j.jneumeth.2008.10.037	Automatic contour extraction from 2D neuron images	Journal of Neuroscience Methods	LEANDRO, J ; CESARJR, R ; COSTA, L	B2	
artigoEmPeriodico	2009	http://dx.doi.org/10.1016/j.jvcir.2009.01.002	Generating segmented meshes from textured color images	Journal of Visual Communication and Image Representation	LIZIER, M. A. ; MARTINS JR, D C ; CUADROS-VARGAS, A. J. ; CESAR JUNIOR, R. M. ; NONATO, L. G.	B1	Journal of Visual Communication and Image Representation (Print)
artigoEmPeriodico	2009	http://dx.doi.org/10.1590/S0104-65002009000400004	scriptLattes: an open-source knowledge extraction system from the Lattes platform	Journal of the Brazilian Computer Society (Impresso)	Mena-Chalco, Jesús Pascual ; Cesar Junior, Roberto Marcondes	B2	
artigoEmPeriodico	2009	http://dx.doi.org/10.1007/s00371-009-0373-x	3D Face Computational Photography Using PCA Spaces	The Visual Computer	Mena-Chalco, Jesús P. ; Macêdo, Ives ; Velho, Luiz ; Cesar, Roberto M.	B1	
artigoEmPeriodico	2009	http://dx.doi.org/10.1016/j.media.2008.05.005	A non-parametric vessel detection method for complex vascular structures	Medical Image Analysis (Print)	Qian, Xiaoning ; Dobrucki, Wawrzyniec L. ; Papademetris, Xenophon ; Jackowski, Marcel P. ; Brennan, Matthew P. ; Breuer, Christopher K. ; Sinusas, Albert J. ; Dione, Donald P.	A1	
artigoEmPeriodico	2009		Functional and structural connectivity between the perigenual anterior cingulate and amygdala in bipolar disorder	Biological Psychiatry (1969)	WANG, Fei ; KALMAR, J. H. ; HE Y. ; JACKOWSKI, M. ; CHEPENIK, L. ; EDMINSTON, E. ; TIE, K. ; GONG, G. ; SHAH. M. P. ; JONES, M. M. ; UDERMAN, J ; CONSTABLE, R Todd ; BLUMBERG, Hillary	Qualis nao identificado	Biological Psychiatry (1969)
artigoEmPeriodico	2009	http://dx.doi.org/10.1590/S0100-879X2009000700008	A Novel Polar-based Human Face Recognition Computational Model	Brazilian Journal of Medical and Biological Research (Impresso)	ZANA, Y. ; MENA-CHALCO, J. P. ; CESAR JUNIOR, R. M.	B2	
artigoEmPeriodico	2009	http://dx.doi.org/10.1007/s00406-009-0002-8	State-dependent microstructural white matter changes in bipolar I depression	European Archives of Psychiatry and Clinical Neuroscience (Internet)	Zanetti, Marcus V. ; Almeida, Jorge R. C. ; Versace, Amelia ; Phillips, Mary L. ; Hassel, Stefanie ; Busatto, Geraldo F. ; Kupfer, David J. ; Duran, FÃ bio L. S. ; Jackowski, Marcel P.	Qualis nao identificado	European Archives of Psychiatry and Clinical Neuroscience (Internet)
artigoEmPeriodico	2008		Corpus callosum in maltreated children with PTSD: A diffusion tensor imaging study	Psychiatry Research. Neuroimaging	JACKOWSKI, A. P. ; DOUGLAS-PALUMBERI, H. ; JACKOWSKI, M. ; WINN, L. ; SCHULTZ, R. ; STAIB, L. H. ; Krystal, J. H. ; KAUFMAN, J.	Qualis nao identificado	Psychiatry Research. Neuroimaging
artigoEmPeriodico	2008	http://dx.doi.org/10.1186/1471-2105-9-451	Feature selection environment for genomic applications	BMC Bioinformatics	Lopes, Fabricio M. ; Martins, David C. ; Cesar, Roberto M.	A1	
artigoEmPeriodico	2008	http://dx.doi.org/10.1109/JSTSP.2008.923841	Intrinsically Multivariate Predictive Genes	IEEE Journal of Selected Topics in Signal Processing	MARTINS, D. C. ; BRAGA-NETO, U. ; BITTNER, M. L. ; HASHIMOTO, R. F. ; DOUGHERTY, E. R.	A1	
artigoEmPeriodico	2008	http://dx.doi.org/10.1109/TCBB.2007.70259	Identification of protein coding regions using the modified Gabor-wavelet transform	IEEE/ACM Transactions on Computational Biology and Bioinformatics (Print)	MENA-CHALCO, J. P. ; CARRER, H. ; ZANA, Y. ; CESAR JUNIOR, R. M.	A2	
artigoEmPeriodico	2008	http://dx.doi.org/10.1186/1755-8794-1-29	Characterization of global transcription profile of normal and HPV-immortalized keratinocytes and their response to TNF treatment		Termini, Lara ; Boccardo, Enrique ; Esteves, Gustavo H ; Hirata, Roberto ; Martins, Waleska K ; Colo, Anna ; Neves, E Jordão ; Villa, Luisa ; Reis, Luiz FL	B4	
artigoEmPeriodico	2008		Abnormal Anterior Cingulum Integrity in Bipolar Disorder Determined through Diffusion Tensor Imaging	British Journal of Psychiatry (Print)	WANG, Fei ; JACKOWSKI, M. ; KALMAR, J. H. ; CHEPENIK, L. ; TIE, K. ; QIU, Maolin ; PITTMAN, B. P. ; JONES, M. M. ; SHAH. M. P. ; SPENCER L. ; PAPADEMETRIS, X. ; CONSTABLE, R Todd ; BLUMBERG, Hillary	Qualis nao identificado	British Journal of Psychiatry (Print)
artigoEmPeriodico	2008		Abnormal corpus callosum integrity in bipolar disorder: a diffusion tensor imaging study	Biological Psychiatry (1969)	WANG, Fei ; KALMAR, J. H. ; EDMINSTON, E. ; CHEPENIK, L. ; SPENCER L. ; PITTMAN, B. P. ; JACKOWSKI, M. ; PAPADEMETRIS, X. ; CONSTABLE, R Todd ; BLUMBERG, Hillary	Qualis nao identificado	Biological Psychiatry (1969)
artigoEmPeriodico	2007	http://dx.doi.org/10.1186/1471-2105-8-169	A feature selection approach for identification of signature genes from SAGE data	BMC Bioinformatics	BARRERA, Junior ; CESAR JR, Roberto Marcondes ; Humes Jr ; MARTINS JR, David Corrêa ; PATRAO, D. F. C. ; SILVA, Paulo J S ; Bretani, H.	A1	
artigoEmPeriodico	2007		Optimal Clones Identifier for Genomic Shotgun Libraries: OC Identifier Tool	Genetics and Molecular Research	CANTAO, M. ; FERREIRA, J. E. ; LEMOS, E. G. M.	B2	
artigoEmPeriodico	2007	http://dx.doi.org/10.1109/TIP.2006.888358	An Exact Algorithm for Optimal MAE Stack Filter Design	IEEE Transactions on Image Processing	DELLAMONICA JUNIOR, D. ; SILVA, P. J. S. ; HUMES C. ; Hirata, N.S.T. ; BARRERA, J.	A1	
artigoEmPeriodico	2007		Prenatal and Adolescent Exposure to Tobacco Smoke Modulates the Development of White Matter Microstructure	The Journal of Neuroscience	JACOBSEN, L. K. ; PICCIOTTO, M. R. ; HEATH, C. J. ; FROST, S. J. ; JACKOWSKI, M. ; CONSTABLE, R Todd ; MENCL, W. E.	B1	
artigoEmPeriodico	2007	http://dx.doi.org/10.1364/JOSAA.24.001448	Automated segmentation of retinal blood vessels and identification of proliferative diabetic retinopathy	Journal of the Optical Society of America. A, Optics Image Science and Vision	Jelinek, Herbert F. ; Cree, Michael J. ; Leandro, Jorge J. G. ; Soares, João V. B. ; Cesar, Roberto M. ; Luckie, A.	A2	Journal of the Optical Society of America. A, Optics, Image Science, and Vision
artigoEmPeriodico	2007		MODELING CANCER: INTEGRATION OF OMICS INFORMATION IN DYNAMIC SYSTEMS	Journal of Bioinformatics and Computational Biology	Stransky, B. ; MACHADO, Lucila Ohno ; BARRERA, Junior ; Souza, S. J.	B1	Journal of Bioinformatics and Computational Biology (Print)
artigoEmPeriodico	2007	http://dx.doi.org/10.1155/2007/73109	A Robust Structural PGN Model for Control of Cell-Cycle Progression Stabilized by Negative Feedbacks	EURASIP Journal on Bioinformatics and Systems Biology (Online)	TREPODE, N. W. ; ARMELIN, H. A. ; BITTNER, M. L. ; BARRERA, J. ; GUBITOSO, M. D. ; HASHIMOTO, R. F.	B3	
artigoEmPeriodico	2006		Extense variant gene family repertoire overlap in Western Amazon Plasmodium falciparum isolates	Molecular and Biochemical Parasitology	ALBRECHT, L. ; MERINO, E. F. ; HOFFMANN, E. H. E. ; FERREIRA, M. U. ; FERREIRA, R. G. M. ; OSAKABE, A. L. ; MARTHA, R. C. D. ; RAMHARTER, M. ; DURHAM, A. M. ; FERREIRA, J. E. ; PORTILLO, H. A.	B2	Molecular and Biochemical Parasitology (Print)
artigoEmPeriodico	2006		DBCollHIV: A Database System for Collaborative HIV analysis in Brazil	Genetics and Molecular Research	ARAÚJO, L. V. ; SOARES, M. A. ; TANURI, A. ; OLIVEIRA, S. M. ; CHEQUER, P. ; SABINO, E. C. ; FERREIRA, J. E.	B2	
artigoEmPeriodico	2006		Trends in Antiretroviral Drug Resistance and Clade Distributions Among HIV	Journal of Acquired Immune Deficiency Syndromes	BARRETO, C. C. ; ARAÚJO, L. V. ; FERREIRA, J. E. ; SABINO, E. C.	Qualis nao identificado	Journal of Acquired Immune Deficiency Syndromes
artigoEmPeriodico	2006	http://dx.doi.org/10.1109/TSMCB.2005.857095	On the ternary spatial relation "Between"	IEEE Transactions on Systems, Man and Cybernetics. Part B, Cybernetics	BLOCH, Isabelle ; COLLIOT, O ; CESAR JUNIOR, R. M.	A1	IEEE Transactions on Systems, Man and Cybernetics. Part B. Cybernetics
artigoEmPeriodico	2006		Synchronization Options for Data Warehouse Designs	Computer (Long Beach)	ITALIANO, I. ; FERREIRA, J. E.	Qualis nao identificado	Computer (Long Beach)
artigoEmPeriodico	2006	http://dx.doi.org/10.1007/s10044-006-0031-0	W-operator Window Design by Minimization of Mean Conditional Entropy	Pattern Analysis and Applications	MARTINS JR, D C ; CESAR JR, Roberto M ; BARRERA, Junior	B1	
artigoEmPeriodico	2006		Multi-character population study of the vir subtelomeric multigene superfamily of Plasmodium vivax, a major human malaria parasite	Molecular and Biochemical Parasitology	MERINO, E. F. ; FERNANDEZ-BECERRA, C. ; DURHAM, A. M. ; FERREIRA, J. E. ; TUMILASCI, V. F. ; DARC-NEVES, J. ; DADARIO, A. ; SILVA-NUNES, M. ; FERREIRA, M. U. ; WICKRAMARACHCHI, T. A. ; PORTILLO, H. A.	B2	Molecular and Biochemical Parasitology (Print)
artigoEmPeriodico	2006	http://dx.doi.org/10.1109/TMI.2006.879967	Retinal vessel segmentation using the 2-D Gabor wavelet and supervised classification	IEEE Transactions on Medical Imaging	Soares, J.V.B. ; Leandro, J.J.G. ; Cesar, R.M. ; Jelinek, H.F. ; Cree, M.J.	A1	IEEE Transactions on Medical Imaging (Print)
artigoEmPeriodico	2006	http://dx.doi.org/10.1002/cncr.21826	Class distinction between follicular adenomas and follicular carcinomas of the thyroid gland on the basis of their signature expression	Cancer, Inglaterra	Stolf, Beatriz S. ; Santos, Mariana M. S. ; Simao, Daniel F. ; Diaz, Juan P. ; Cristo, Elier B. ; Hirata, Roberto ; Curado, Maria P. ; Neves, Eduardo J. ; Kowalski, Luiz P. ; Carvalho, Alex F.	Qualis nao identificado	Cancer, Inglaterra
artigoEmPeriodico	2006	http://dx.doi.org/10.1016/j.imavis.2006.02.014	Local approach for face verification in polar frequency domain	Image and Vision Computing	ZANA, Y ; CESARJR, R ; FERIS, R ; TURK, M	A1	
artigoEmPeriodico	2006	http://dx.doi.org/10.1145/1119766.1119771	Face recognition based on polar frequency features	ACM Transactions on Applied Perception, ACM - New York	ZANA, Yossi ; Cesar, Roberto M.	B2	ACM Transactions on Applied Perception (Print)
trabalhoCompletoEmCongresso	2012		ExpressMatch: a system for creating ground-truthed datasets of online mathematical expressions	10th IAPR International Workshop on Document Analysis Systems	AGUILAR, F. D. J. ; Hirata, Nina S. T.	B1	International Workshop on Document Analysis Systems
trabalhoCompletoEmCongresso	2012		Data-intensive analysis of HIV mutations	IEEE International Conference on e-science	CINTHO, M. ; FERREIRA, J e ; Cesar Jr., Roberto M.	A1	IEEE International Conference on Web Services
trabalhoCompletoEmCongresso	2012	http://dx.doi.org/10.1145/2168556.2168565	Augmenting the robustness of cross-ratio gaze tracking methods to head movement	ETRA 2012	Coutinho, Flávio Luiz ; Morimoto, Carlos H.	Qualis nao identificado	ETRA 2012
trabalhoCompletoEmCongresso	2012		Detecção de ovos de S. mansoni em imagens microscópicas	VIII Workshop de Visão Computacional	Delgado H., Edwin ; Hirata, Nina S. T. ; Finger, E.	B5	Workshop de Visão computacional
trabalhoCompletoEmCongresso	2012		Minerando e Caracterizando Dados de Currículos Lattes	Brazilian Workshop on Social Network Analysis and Mining (BraSNAM)	DIGIAMPIETRI, L. A. ; MENA-CHALCO, J. P. ; ALCÁZAR, J. J. P. ; TUESTA, E. F. ; DELGADO, K. V. ; MUGNAINI, R. ; SILVA, G. S.	Qualis nao identificado	Brazilian Workshop on Social Network Analysis and Mining (BraSNAM)
trabalhoCompletoEmCongresso	2012		Dinâmica das Relações de Coautoria nos Programas de Pós-Graduação em Computação no Brasil	Brazilian Workshop on Social Network Analysis and Mining (BraSNAM)	DIGIAMPIETRI, L. A. ; MENA-CHALCO, J. P. ; SILVA, G. S. ; OLIVEIRA, L. B. ; MALHEIRO, A. P. R. ; MEIRA, D. N. O.	Qualis nao identificado	Brazilian Workshop on Social Network Analysis and Mining (BraSNAM)
trabalhoCompletoEmCongresso	2012		A genetic algorithm based approach for combining binary image operators	21st International Conference on Pattern Recognition	Dornelles, M.M. ; Hirata, Nina S. T.	A1	International Conference on Pattern Recognition
trabalhoCompletoEmCongresso	2012		Transactional Recovery Support for Robust Exception Handling in Business Process Services	International Conference on Web Services	FERREIRA, J. E. ; BRAGHETTO, K. R. ; TAKAI, O. K. ; PU, C.	A1	IEEE International Conference on Web Services
trabalhoCompletoEmCongresso	2012		Vehicle Detection using Mixture of Deformable Parts Models: Static and Dynamic Camera	Conference on Graphics	LEON, L. M. C. ; HIRATA JR., R.	B1	Conference on Graphics, Patterns and Images
trabalhoCompletoEmCongresso	2012		Data-Oriented Research for Bioresource Utilization:a Case Study to Investigate Water Uptake in Cellulose Using Principal Components	IEEE International Conference on e-science	LIU, Y. ; DRIEMEIER, C. ; Cesar Jr., Roberto M.	A1	IEEE International Conference on Web Services
trabalhoCompletoEmCongresso	2012	http://dx.doi.org/10.1145/2382936.2383062	A Monte Carlo Approach to Measure the Robustness of Boolean Networks	1st International Workshop on Robustness and Stability of Biological Systems and Computational Solutions	LOUZADA, V. H. P. ; LOPES, F. M. ; HASHIMOTO, R. F.	Qualis nao identificado	1st International Workshop on Robustness and Stability of Biological Systems and Computational Solutions
trabalhoCompletoEmCongresso	2012		Visual rhythm-based plankton detection method for ballast water quality assessment	IEEE ICIP	MATUSZEWSKI, D. J. ; MARTINS, C. I. O. ; Cesar Jr., R.M. ; STRICKLER, R. ; LOPES, R. M.	Qualis nao identificado	IEEE ICIP
trabalhoCompletoEmCongresso	2012		Caracterizando as redes de coautoria de currículos Lattes	Brazilian Workshop on Social Network Analysis and Mining (BraSNAM)	MENA-CHALCO, J. P. ; DIGIAMPIETRI, L. A. ; CESAR JUNIOR, R. M.	Qualis nao identificado	Brazilian Workshop on Social Network Analysis and Mining (BraSNAM)
trabalhoCompletoEmCongresso	2012		Perfil de Produção Bibliográfica dos Programas Brasileiros de Pós-Graduação em Ciência da Computação	3º Encontro Brasileiro de Bibliometria e Cientometria - EBBC	MENA-CHALCO, J. P. ; DIGIAMPIETRI, L. A. ; OLIVEIRA, L. B.	Qualis nao identificado	3º Encontro Brasileiro de Bibliometria e Cientometria - EBBC
trabalhoCompletoEmCongresso	2012		Towards a quantitative academic internationalization assessment of Brazilian research groups	2nd workshop on Analyzing and Improving Collaborative eScience with Social Networks - IEEE eScience - 2012	PEREZ-CERVANTES, E. ; MENA-CHALCO, J. P. ; CESAR JUNIOR, R. M.	Qualis nao identificado	2nd workshop on Analyzing and Improving Collaborative eScience with Social Networks - IEEE eScience - 2012
trabalhoCompletoEmCongresso	2012	http://dx.doi.org/10.1145/2382936.2383021	Shortest Paths Ranking Methodology to Identify Alterations in PPI Networks of Complex Diseases	ACM International Conference on Bioinformatics	SIMOES, S. N. ; MARTINS, D. C. ; SAMAIA, H. P. B. ; HASHIMOTO, R. F.	B4	ACM International Conference on Bioinformatics and Computational Biology
trabalhoCompletoEmCongresso	2012		Análise temporal da relação orientador-orientado: um estudo de caso sobre a produtividade dos pesquisadores doutores da área de Ciência da Computação	Brazilian Workshop on Social Network Analysis and Mining (BraSNAM)	TUESTA, E. F. ; DELGADO, K. V. ; DIGIAMPIETRI, L. A. ; ALCÁZAR, J. J. P. ; MUGNAINI, R. ; MENA-CHALCO, J. P.	Qualis nao identificado	Brazilian Workshop on Social Network Analysis and Mining (BraSNAM)
trabalhoCompletoEmCongresso	2011		Fast QR Code Detection in Arbitrarily Acquired Images	XXIV Sibgrapi Conference on Graphics	BELUSSI, L. F. F. ; Hirata, Nina S. T.	Qualis nao identificado	XXIV Sibgrapi Conference on Graphics
trabalhoCompletoEmCongresso	2011		Asynchronous Replication for Evolutionary Database Development: A Design for the Experimental Assessment of a Novel Approach	OnTheMove Federated Conferences - ODBASE	DOMINGUES, H. ; Kon, F ; FERREIRA, J. E.	Qualis nao identificado	OnTheMove Federated Conferences - ODBASE
trabalhoCompletoEmCongresso	2011		Automatic Labeling of Handwritten Mathematical Symbols via Expression Matching	8th IAPR-TC-15 International Workshop on Graph-Based Representations in Pattern Recognition	Hirata, Nina S. T. ; Honda, W. Y.	Qualis nao identificado	8th IAPR-TC-15 International Workshop on Graph-Based Representations in Pattern Recognition
trabalhoCompletoEmCongresso	2011		Combining features to a class-specific model in an instance detection framework	XXIV Sibgrapi Conference on Graphics	Lara, Arnaldo C. ; Hirata Jr., Roberto	Qualis nao identificado	XXIV Sibgrapi Conference on Graphics
trabalhoCompletoEmCongresso	2011	http://dx.doi.org/10.1109/GENSiPS.2011.6169431	The effect of certain Boolean functions in stability of networks with varying topology	9th IEEE International Workshop on Genomic Signal Processing and Statistics (GENSIPS)	LOUZADA, V. H. P. ; LOPES, F. M. ; HASHIMOTO, R. F.	B4	IEEE International Workshop on Genomic Signal Processing and Statistics
trabalhoCompletoEmCongresso	2011		An Open-source Medical Image Processing and Visualization Tool to Analyze Cardiac SPECT Images	7th International Symposium on Visual Computing	Luis Roberto Pereira de Paula ; Carlos S. Santos ; Marco Antônio Gutierrez ; Hirata Jr., Roberto	A2	International Symposium on Distributed Computing
trabalhoCompletoEmCongresso	2011		Segmentation of Similar Images using Graph Matching and Community Detection	8th IAPR-TC-15 Workshop on Graph-based Representations in Pattern Recognition	MARTINS, C. I. O. ; CESAR JUNIOR, R. M. ; FREITAS, A. V. L. ; JORGE, L. R. ; Leandro, Jorge J. G.	Qualis nao identificado	8th IAPR-TC-15 Workshop on Graph-based Representations in Pattern Recognition
trabalhoCompletoEmCongresso	2011		3D facial animation based on structural registration	XXIV Sibgrapi (Conference on Graphics	MATTOS, A. B. ; MENA-CHALCO, J. P. ; CESAR JUNIOR, R. M.	Qualis nao identificado	XXIV Sibgrapi (Conference on Graphics
trabalhoCompletoEmCongresso	2011		Computer vision research at IBOPE Media automation tools to reduce human intervention	XXIV Sibgrapi (Conference on Graphics	MATTOS, A. B. ; MONTAGNER, I. ; CRIVELLARO, A. ; KLAVA, B. ; BRUN, M.	Qualis nao identificado	XXIV Sibgrapi (Conference on Graphics
trabalhoCompletoEmCongresso	2011	http://dx.doi.org/10.1109/eScienceW.2011.31	Towards automatic discovery of co-authorship networks in the Brazilian academic areas	Workshop On Measuring the Impact of e-Science Research (MeSR 2011) - In Conjunction with 7th IEEE International Conference on e-Science	Mena-Chalco, Jesús Pascual ; Cesar Jr., R.M.	Qualis nao identificado	Workshop On Measuring the Impact of e-Science Research (MeSR 2011) - In Conjunction with 7th IEEE International Conference on e-Science
trabalhoCompletoEmCongresso	2011		3D human face reconstruction using principal components spaces	XXIV Sibgrapi Conference on Graphics	MENA-CHALCO, J. P. ; VELHO, L. ; CESAR JUNIOR, R. M.	Qualis nao identificado	XXIV Sibgrapi Conference on Graphics
trabalhoCompletoEmCongresso	2011		Wi-Fi and Keygraphs for Localization with Cell Phones	Second IEEE International Workshop on Mobile Vision - IWMV - ICCV	Morimitsu, Henrique ; Pimentel, Rodrigo Bernardo ; Hashimoto, Marcelo ; CESAR JUNIOR, R. M. ; Hirata Jr, Roberto	Qualis nao identificado	Second IEEE International Workshop on Mobile Vision - IWMV - ICCV
trabalhoCompletoEmCongresso	2011		Keygraphs for Sign Detection in Indoor Environments by Mobile Phones	8th IAPR-TC-15 Workshop on Graph-based Representations in Pattern Recognition	Morimitsu, Henrique ; Hashimoto, Marcelo ; Pimentel, Rodrigo Bernardo ; CESAR JUNIOR, R. M. ; Hirata Jr., Roberto	Qualis nao identificado	8th IAPR-TC-15 Workshop on Graph-based Representations in Pattern Recognition
trabalhoCompletoEmCongresso	2011		Visualização interativa de redes sociais: um estudo de caso em redes de colaboração científica	Simposio Latinoamericano sobre Computación Gráfica	NASCIMENTO, C. S. ; FREITAS, C. M. D. S. ; GALANTE, R. ; NEDEL, L. ; MENA-CHALCO, J. P.	Qualis nao identificado	Simposio Latinoamericano sobre Computación Gráfica
trabalhoCompletoEmCongresso	2011		A hierarchical Markov random field For road network extraction and its application with optical and SAR data	2011 IEEE International Geoscience and Remote Sensing Symposium	Talita Perciano Costa Leite ; Tupin, Florence ; Hirata Jr., Roberto ; CESAR JUNIOR, R. M.	B1	IEEE International Geoscience and Remote Sensing Symposium
trabalhoCompletoEmCongresso	2011	http://dx.doi.org/10.1109/ICIP.2011.6115668	3D Facial expression analysis by using 2D and 3D wavelet transforms	18th IEEE International Conference on Image Processing - ICIP 2011	PINTO, S. C. D. ; Mena-Chalco, Jesús P. ; LOPES, Fabrício Martins ; VELHO, L ; Cesar Jr., R.M.	A1	IEEE International Conference on Image Processing
trabalhoCompletoEmCongresso	2011	http://dx.doi.org/10.1109/SIBGRAPI.2011.8	Combining Dialectical Optimization and Gradient Descent Methods for Improving the Accuracy of Straight Line Segment Classifiers	24th SIBGRAPI Conference on Graphics	RODRIGUEZ, R. M. ; HASHIMOTO, R. F.	Qualis nao identificado	24th SIBGRAPI Conference on Graphics
trabalhoCompletoEmCongresso	2011	http://dx.doi.org/10.1109/GENSiPS.2011.6169446	Improvement of GNs inference through biological data integration	9th IEEE International Workshop on Genomic Signal Processing and Statistics (GENSIPS)	VICENTE, F. F. R. ; LOPES, F. M. ; HASHIMOTO, R. F.	B4	IEEE International Workshop on Genomic Signal Processing and Statistics
trabalhoCompletoEmCongresso	2011		Semi-automated Segmentation of Brain Tumor from Multicontrast MR Images using Mumford-Shah Model via Level Set	SIBGRAPI Conference on Graphics	ZOGHBI, J ; REAL, L. F. O. C. ; MAMEDE, M. ; JACKOWSKI, M.	Qualis nao identificado	SIBGRAPI Conference on Graphics
trabalhoCompletoEmCongresso	2010		Aplicando Procedência de Dados para a Geração e Análise de Perfis de Doadores de Sangue	XXX Congresso da Sociedade Brasileira de Computação	ALMEIDA, F. N. ; SILVA, P. P. S. B. ; Mendrome, A. ; SABINO, E. C. ; FERREIRA, J. E.	Qualis nao identificado	XXX Congresso da Sociedade Brasileira de Computação
trabalhoCompletoEmCongresso	2010		Classification of Regions Extracted from Scene Images by Morphological Filters in Text or Non-Text using Decision Tree	18th International Conference on Computer Graphics	ALVEZ, W. A. L. ; HASHIMOTO, R. F.	B4	International Conference on Computer Graphics and Imaging
trabalhoCompletoEmCongresso	2010	http://dx.doi.org/10.1109/SIBGRAPI.2010.55	Text Regions Extracted from Scene Images by Ultimate Attribute Opening and Decision Tree Classification	Graphics	ALVEZ, W. A. L. ; HASHIMOTO, R. F.	Qualis nao identificado	Graphics
trabalhoCompletoEmCongresso	2010		Performance Analysis Modeling Applied to Business Processes	Symposium On Theory of Modeling and Simulation - DEVS Integrative MS Symposium - DEVS'10	BRAGHETTO, K. R. ; FERREIRA, J. E. ; VINCENT, J.	Qualis nao identificado	Symposium On Theory of Modeling and Simulation - DEVS Integrative MS Symposium - DEVS'10
trabalhoCompletoEmCongresso	2010		Algebraic approach to optimal clone selection applied in metagenomic projects	International Symposium on Biocomputing,	CANTAO, M. ; ARAÚJO, L. V. ; LEMOS, E. G. M. ; FERREIRA, J. E.	A2	International Symposium on Distributed Computing
trabalhoCompletoEmCongresso	2010		Image Segmentation Using Component Tree and Normalized Cut	SIBGRAPI	CARVALHO, M. A. ; COSTA, A. ; FERREIRA, A. ; CESAR JUNIOR, R. M.	B1	
trabalhoCompletoEmCongresso	2010		Detección de huevos helmintos mediante plantillas dinámicas	XXXVIth Latin American Informatics Conference (XXXVI CLEI)	CHUCTAYA, J. ; MENA-CHALCO, J. P. ; BELTRÁN-CASTAÑÓN, C. ; PATIÑO, R. ; HUMPIRE, G. ; RODRIGUEZ, A.	Qualis nao identificado	XXXVIth Latin American Informatics Conference (XXXVI CLEI)
trabalhoCompletoEmCongresso	2010		A Genetic Algorithm Based Method for Determining Two-level Morphological Operators	17th International Conference on Systems	Dornelles, M.M. ; Hirata, N.S.T.	B3	International Conference on Systems
trabalhoCompletoEmCongresso	2010		Borboleta and SaguiSaúde - Open Source Mobile Telehealth for Public	8th International eHealth,Telemedicine and Health ICT Forum	DUARTE G. L. ; CORREIA, R. ; DOMINGUES, H. ; Kon, F ; KON, R. ; FERREIRA, J. E.	Qualis nao identificado	8th International eHealth,Telemedicine and Health ICT Forum
trabalhoCompletoEmCongresso	2010		Reducing Exception Handling Complexity in Business Process Modeling and Implementation: the WED-Flow Approach	OTM Conferences	FERREIRA, J. E. ; TAKAI, O. K. ; MALKOWSKI, S. ; PU, C.	Qualis nao identificado	OTM Conferences
trabalhoCompletoEmCongresso	2010		Towards Flexible Event-Handling in Workflows Through Data States	Fourth International Workshop on Scientific Workflows (SWF 2010)	FERREIRA, J. E. ; WU, Q. ; MALKOWSKI, S. ; PU, C.	Qualis nao identificado	Fourth International Workshop on Scientific Workflows (SWF 2010)
trabalhoCompletoEmCongresso	2010		A column generation approach for the graph matching problem	International Conference on Pattern Recognition - ICPR	FREIRE, A. ; CESAR JUNIOR, R. M. ; FERREIRA, C. E.	A1	International Conference on Pattern Recognition
trabalhoCompletoEmCongresso	2010		Indexação de Dados Semi-Estruturados para Apoio a Diagnósticos Médicos	XII Congresso Brasileiro de Informática em Saúde - CBIS	Garcia, M.O. ; ARAÚJO, L. V. ; Passos-Bueno, M. R ; SCHLESINGER, D. ; FERREIRA, J. E.	B4	Congresso Brasileiro de Informática em Saúde
trabalhoCompletoEmCongresso	2010		Um sistema de interação baseado em gestos manuais tridimensionais para ambientes virtuais	Simpósio de fatores humanos em sistemas computacionais	Ghirotti, S.E. ; MORIMOTO, C. H.	B4	Simpósio Brasileiro sobre Fatores Humanos em Sistemas Computacionais
trabalhoCompletoEmCongresso	2010		Uma ferramenta de hipervídeo integrada à plataforma Tidia-Ae/Sakai	Fifth Latin American Conference on Learning Objects and Technology Enhanced Learning	Gomes, V.H.P. ; MORIMOTO, C. H.	B5	Latin American Conference on Learning Objects
trabalhoCompletoEmCongresso	2010	http://dx.doi.org/10.1007/978-3-642-13078-6_9	Analysis of Gene Interactions Using Restricted Boolean Networks and Time-Series Data	6th International Symposium on Bioinformatics Research and Applications	HIGA, C. H. A. ; LOUZADA, V. H. P. ; HASHIMOTO, R. F.	B3	International Symposium on Bioinformatics Research and Applications
trabalhoCompletoEmCongresso	2010		Real Time Novel View Scene Rendering From Multiple Sparse Videos	Simpósio de Realidade Virtual - SVR 2010	J. R. da Silva ; SANTOS, Thiago Teixeira ; MORIMOTO, C. H.	Qualis nao identificado	Simpósio de Realidade Virtual - SVR 2010
trabalhoCompletoEmCongresso	2010		SFFS-MR: a floating search strategy for GRNs inference	5th IAPR International Conference on Pattern Recognition in Bioinformatics	LOPES, Fabrício Martins ; MARTINS, C. I. O. ; Martins, David C. ; BARRERA, J ; CESAR JUNIOR, R. M.	A1	International Conference on Pattern Recognition
trabalhoCompletoEmCongresso	2010		Vessel Centerline Tracking in CTA and MRA Images Using Hough Transform	15th Iberoamerican Congress on Pattern Recognition	MACEDO, M. M. G. ; Mekkaoui, Choukri ; JACKOWSKI, M.	B2	Iberoamerican Congress on Pattern Recognition
trabalhoCompletoEmCongresso	2010	http://dx.doi.org/10.1007/978-3-642-16687-7_23	Inference of Restricted Stochastic Boolean GRN's by Bayesian Error and Entropy Based Criteria	15th Iberoamerican Congress on Pattern Recognition	MARTINS, D. C. ; OLIVEIRA, E. A. ; LOUZADA, V. H. P. ; HASHIMOTO, R. F.	B2	Iberoamerican Congress on Pattern Recognition
trabalhoCompletoEmCongresso	2010	http://dx.doi.org/10.1109/SIBGRAPI.2010.44	3D Linear Facial Animation Based on Real Data	Brazilian Symposium on Computer Graphics and Image Processing SIBGRAPI 2010	MATTOS, A. B. ; Mena-Chalco, Jesús P. ; CESAR JUNIOR, R. M. ; VELHO, L	Qualis nao identificado	Brazilian Symposium on Computer Graphics and Image Processing SIBGRAPI 2010
trabalhoCompletoEmCongresso	2010		Sparse Representations for Efficient Shape Matching	SIBGRAPI	NOMA, A. ; CESAR JUNIOR, R. M.	B1	
trabalhoCompletoEmCongresso	2010		Ridge Linking Using an Adptive Oriented Mask Applied to Plant Root Images with Thin Structure	15th Iberoamerican Congress on Pattern Recognition	Perciano, Talita ; HIRATA JR., R. ; Lúcio André de Castro Jorge	B2	Iberoamerican Congress on Pattern Recognition
trabalhoCompletoEmCongresso	2010		Parameter Estimation for Ridge Detection in Images with Thin Structures	15th Iberoamerican Congress on Pattern Recognition	Perciano, Talita ; HIRATA JR., R. ; Lúcio André de Castro Jorge	B2	Iberoamerican Congress on Pattern Recognition
trabalhoCompletoEmCongresso	2010	http://dx.doi.org/10.1109/SCCC.2010.31	A new approach to detect communities in multi-weighted co-authorship networks	XXIX International Conference of the Chilean Computer Science Society	PEREZ, E. ; MENA-CHALCO, J. P.	B3	International Conference of the Chilean Computer Science Society
trabalhoCompletoEmCongresso	2010		Using LOTOS for rigorous specifications of workflow patterns	Collaborative Computing: Networking	Takecian, Pedro L. ; FERREIRA, J. E. ; MALKOWSKI, S. ; PU, C.	Qualis nao identificado	Collaborative Computing: Networking
trabalhoCompletoEmCongresso	2010		A Partial Persistent Data Structure to Support Consistent Shared Access in Collaborative Editing Applications	26th IEEE International Conference on Data Engineering ICDE	WU, Q. ; PU, C. ; FERREIRA, J. E.	A1	IEEE International Conference on Data Engineering
trabalhoCompletoEmCongresso	2010		Computer-Assisted Segmentation of Brain Tumor Lesions from Multi-sequence Magnetic Resonance Imaging Using the Mumford-Shah Model	25th International Conference of Image and Vision Computing	ZOGHBI, J ; MAMEDE, M. ; JACKOWSKI, M.	Qualis nao identificado	25th International Conference of Image and Vision Computing
trabalhoCompletoEmCongresso	2009		Ferramentas de aprendizado eletrônico com correção automática para suporte a cursos introdutórios de computação	International Congress of Mathematics	A. Martini ; COUTINHO, F. L. ; MORIMOTO, C. H.	Qualis nao identificado	International Congress of Mathematics
trabalhoCompletoEmCongresso	2009		HIVSetSubtype: Software for subtype classification of HIV-1 sequences	Annual ACM Symposium on Applied Computing- SAC-ACM	ARAÚJO, L. V. ; Sanabani S.S. ; SABINO, E. C. ; FERREIRA, J. E.	A1	ACM Symposium on Applied Computing
trabalhoCompletoEmCongresso	2009		Interactive image segmentation with integrated use of the markers and the hierarchical watershed approaches	International Conference on Computer Vision Theory and Applications	B. Klava ; Hirata, N.S.T.	B3	
trabalhoCompletoEmCongresso	2009		Optimal Clone Identifier based on Dynamic Rules and Process Algebra	International Conference on Bioinformatics	CANTAO, M. ; ARAÚJO, L. V. ; LEMOS, E. G. M. ; FERREIRA, J. E.	B5	
trabalhoCompletoEmCongresso	2009		Implementing Rigorous Web Services with Process Algebra Navigation Plan for Web Services	Annual ACM Symposium on Applied Computing- SAC-ACM	Chui, M. ; MALKOWSKI, S. ; BROINIZI, M. E. ; FERREIRA, J. E. ; PU, C.	A1	ACM Symposium on Applied Computing
trabalhoCompletoEmCongresso	2009		Middle-R - A User Level Middleware for Statistical Computing	VII Workshop on Grid Computing and Applications	DIAS, R. A. ; Goldman, Alfredo ; Hirata Jr., Roberto	B2	Workshop on Mobile Computing Systems and Applications
trabalhoCompletoEmCongresso	2009		Replicação assíncrona em bancos de dados evolutivos	Simpósio Brasileiro de Banco de Dados	DOMINGUES, H. ; Kon, F ; FERREIRA, J. E.	Qualis nao identificado	Simpósio Brasileiro de Banco de Dados
trabalhoCompletoEmCongresso	2009		Heterogeneidade como solução para bancos de dados móveis em um sistema de saúde	Workshop de Informática Médica	DUARTE G. L. ; DOMINGUES, H. ; Kon, F ; FERREIRA, J. E.	B4	
trabalhoCompletoEmCongresso	2009		Object Detection by Keygraph Classification	7th IAPR-TC-15 Workshop on Graph-based Representations in Pattern Recognition	HASHIMOTO, M. ; CESAR JUNIOR, R. M.	Qualis nao identificado	7th IAPR-TC-15 Workshop on Graph-based Representations in Pattern Recognition
trabalhoCompletoEmCongresso	2009	http://dx.doi.org/10.1109/GENSIPS.2009.5174356	Budding Yeast Cell Cycle Modeled by Context-Sensitive Probabilistic Boolean Network	IEEE International Workshop on Genomic Signal Processing and Statistics	HASHIMOTO, R. F. ; STAGNI, H. ; HIGA, C. H. A.	B4	
trabalhoCompletoEmCongresso	2009	http://dx.doi.org/10.1109/GENSIPS.2009.5174368	Inference of Gene Regulatory Network using Temporal Coefficient of Determination Obtained from Ergodic Markov Chains	IEEE International Workshop on Genomic Signal Processing and Statistics	HIGA, C. H. A. ; HASHIMOTO, R. F. ; HIRATA JR., R. ; HIRATA, Nina S. T. ; SANTOS, C. S.	B4	
trabalhoCompletoEmCongresso	2009		The use of high resolution images in morphological operator learning	Simpósio Brasileiro de Computação Gráfica e Processamento de Imagens	HIRATA, N. S. T. ; BERTOLDI, M. M. D.	Qualis nao identificado	Simpósio Brasileiro de Computação Gráfica e Processamento de Imagens
trabalhoCompletoEmCongresso	2009		Comparative study of GRN's inference methods based on feature selection by mutual information	IEEE International Workshop on Genomic Signal Processing and Statistics - GENSIPS	LOPES, Fabrício Martins ; MARTINS JR, D C ; CESAR JUNIOR, R. M.	B4	IEEE International Workshop on Genomic Signal Processing and Statistics
trabalhoCompletoEmCongresso	2009		Analysis of the GRNs inference by using Tsallis entropy and a feature selection approach	14th Iberoamerican Congress on Pattern Recognition (CIARP 2009)	LOPES, Fabrício Martins ; Oliveira, E. A. ; CESAR JUNIOR, R. M.	B2	Iberoamerican Congress on Pattern Recognition
trabalhoCompletoEmCongresso	2009	http://dx.doi.org/10.1109/SIBGRAPI.2009.27	Jump-Miss Binary Erosion Algorithm	XXII Brazilian Symposium on Computer Graphics and Image Processing	MACHADO, A. F. ; HASHIMOTO, R. F.	Qualis nao identificado	XXII Brazilian Symposium on Computer Graphics and Image Processing
trabalhoCompletoEmCongresso	2009		Evaluation of retinal vessel segmentation methods for microaneurysms detection	International Conference on Image Processing	MARTINS, C. I. O. ; MEDEIROS, F. N. S. ; VERAS, R. M. S. ; BEZERRA, F. N. ; CESAR JUNIOR, R. M.	B4	International Conference on Image Processing Computer Vision and Pattern Recognition
trabalhoCompletoEmCongresso	2009	http://dx.doi.org/10.1109/GENSIPS.2009.5174335	Revealing Temporal Genetic Regulatory Networks from Steady-State Distributions	IEEE International Workshop on Genomic Signal Processing and Statistics - GENSIPS	MARTINS, D. C. ; OLIVEIRA, E. A. ; SILVA, P. J. S. ; HASHIMOTO, R. F. ; CESAR JUNIOR, R. M.	B4	IEEE International Workshop on Genomic Signal Processing and Statistics
trabalhoCompletoEmCongresso	2009		Automatic Measurement of Eye Features Using Image Processing	WIM - IX Workshop de Informática Médica	MORIMOTO, C. H.	B4	Workshop de Informática Médica
trabalhoCompletoEmCongresso	2009		A Computer-Assisted Colorization Approach based on Eﬃcient Belief Propagation and Graph Matching	14th Iberoamerican Congress on Pattern Recognition (CIARP 2009)	NOMA, A. ; VELHO, L ; CESAR JUNIOR, R. M.	B2	Iberoamerican Congress on Pattern Recognition
trabalhoCompletoEmCongresso	2009		Towards Algorithmic Generation of Business Processes: From Business Step Dependencies to Process Algebra Expressions	Business Process Management Conference	OIKAWA, M. K. ; FERREIRA, J. E. ; MALKOWSKI, S. ; PU, C.	Qualis nao identificado	Business Process Management Conference
trabalhoCompletoEmCongresso	2009		ClinMaldb: a clinical field-research oriented relational database to study human malaria	IADIS International Conference e-Health 2009	OIKAWA, M. K. ; SILVA, P. P. S. B. ; MERINO, E. F. ; FERNANDEZ-BECERRA, C. ; WUNDERLICH, G. ; BARRERA, J. ; DELPORTILLO, H. A. ; FERREIRA, J. E.	Qualis nao identificado	IADIS International Conference e-Health 2009
trabalhoCompletoEmCongresso	2009		Estimación de distancias absolutas utilizando un puntero láser y una cámara web	III Simposio Peruano de Computación Gráfica y Procesamiento de Imágenes	PORTUGAL ZAMBRANO, C. ; MENA-CHALCO, J. P.	Qualis nao identificado	III Simposio Peruano de Computación Gráfica y Procesamiento de Imágenes
trabalhoCompletoEmCongresso	2008		HIV drug resistance analysis tool based on process algebra	23rd Annual ACM Symposium on Applied Computing- SAC-ACM	ARAÚJO, L. V. ; SABINO, E. C. ; FERREIRA, J. E.	A1	ACM Symposium on Applied Computing
trabalhoCompletoEmCongresso	2008		Business Processes Management using Process Algebra and Relational Database Model	International Conference on e-Business	BRAGHETTO, K. R. ; FERREIRA, J. E. ; PU, C.	B4	International Conference on e Business
trabalhoCompletoEmCongresso	2008		Using Annotations in the Naked Objects framework to explore data requirements	23rd Annual ACM Symposium on Applied Computing - SAC-ACM	BROINIZI, M. E. ; FERREIRA, J. E. ; Goldman A.	A1	ACM Symposium on Applied Computing
trabalhoCompletoEmCongresso	2008		Análise e Modelagem Conceitual de um Sistema de Prontuário Eletrônico para Centros de Saúde. In: VIII Workshop de Informática Médica	VIII Workshop de Informática Médica (WIM´2008)	DOMINGUES, H. ; CORREIA, R. ; Kon, F ; KON, R. ; FERREIRA, J. E.	B4	Workshop de Informática Médica
trabalhoCompletoEmCongresso	2008		A Backmapping Approach for Graph-based Object Tracking	SIBGRAPI	Thiago Paixão ; Ana Beatriz Graciano ; CESAR JUNIOR, R. M. ; HIRATA JR., R.	B1	
trabalhoCompletoEmCongresso	2008		Physical-space refraction-corrected transmission ultrasound computed tomography made computationally practical	MICCAI - Medical Image Computing and Computer-Aided Intervention	LI, S. ; JACKOWSKI, M. ; DIONE, D. P. ; STAIB, L. H.	Qualis nao identificado	MICCAI - Medical Image Computing and Computer-Aided Intervention
trabalhoCompletoEmCongresso	2008		Firmas genéticas en secuencias de ADN: un análisis en regiones codificantes y no codificantes de proteínas	II Simposio Peruano de Computación Gráfica y Procesamiento de Imágenes	MEDINA-RODRIGUEZ, R. ; MENA-CHALCO, J. P.	Qualis nao identificado	II Simposio Peruano de Computación Gráfica y Procesamiento de Imágenes
trabalhoCompletoEmCongresso	2008	http://dx.doi.org/10.1109/SIBGRAPI.2008.40	PCA-based 3D face photography	Brazilian Symposium on Computer Graphics and Image Processing	MENA-CHALCO, J. P. ; MACÊDO, I. ; VELHO, L. ; CESAR JUNIOR, R. M.	Qualis nao identificado	Brazilian Symposium on Computer Graphics and Image Processing
trabalhoCompletoEmCongresso	2008		Eyelid measurements using digital video processing	ACMSAC - Special Interest Group on Applied Computing	MORIMOTO, C. H. ; T.F. Oliveira	Qualis nao identificado	ACMSAC - Special Interest Group on Applied Computing
trabalhoCompletoEmCongresso	2008		Um Padrão Canônico para Controle de Paralelização em Aplicações de e-Science	Simposio Brasileiro de Banco de Dados	NARDI, A. ; NASCIMENTO, D. R. B. ; PONTES, M. R. ; SEIXAS, T. T. ; GRACAS, F. A. F. ; FERREIRA, J. E.	Qualis nao identificado	Simposio Brasileiro de Banco de Dados
trabalhoCompletoEmCongresso	2008		Structural Matching of 2D Electrophoresis Gels using Graph Models	SIBGRAPI	NOMA, A. ; PARDO, A. ; CESAR JUNIOR, R. M.	B1	
trabalhoCompletoEmCongresso	2008	http://dx.doi.org/10.1109/SIBGRAPI.2008.35	A New Training Algorithm for Pattern Recognition Technique Based on Straight Line Segments	SIBGRAPI 2008	RIBEIRO, J. H. B. ; HASHIMOTO, R. F.	Qualis nao identificado	SIBGRAPI 2008
trabalhoCompletoEmCongresso	2008	http://dx.doi.org/10.1109/SIBGRAPI.2008.25	People Detection under Occlusion in Multiple Camera Views	2008 XXI Brazilian Symposium on Computer Graphics and Image Processing (SIBGRAPI)	Santos, Thiago T. ; Morimoto, Carlos H.	B1	SIBGRAPI
trabalhoCompletoEmCongresso	2008		The RiverFish Approach to Business Process Modeling: Linking Business Steps to Control-Flow Patterns	The 4th International Conference on Collaborative Computing	ZULIANI, D. ; OIKAWA, M. K. ; MALKOWSKI, S. ; PEREZ-ALCAZAR, J. J. ; FERREIRA, J. E.	A2	International Conference on Pervasive Computing
trabalhoCompletoEmCongresso	2007		Efficient curve detection using a Gauss-Newton method with applications in agriculture	1st International Workshop on Computer Vision Applications for Developing Regions in Conjunction with ICCV 2007	ANDREANI, R. ; CESAR, G. ; CESAR JUNIOR, R. M. ; MARTINEZ, J. M. ; SILVA, P J S	Qualis nao identificado	1st International Workshop on Computer Vision Applications for Developing Regions in Conjunction with ICCV 2007
trabalhoCompletoEmCongresso	2007		Using Control-Flow Patterns for Specifying Business Processes in Cooperative Environments	The 22nd Annual ACM Symposium on Applied Computing	BRAGHETTO, K. R. ; FERREIRA, J. E. ; PU, C.	A1	ACM Symposium on Applied Computing
trabalhoCompletoEmCongresso	2007	http://dx.doi.org/10.1109/SIBGRAPI.2007.24	"Two-stage Binary Image Operator Design: an Approach Based on Interaction Information"	XX Brazilian Symposium on Computer Graphics and Image Processing	Carlos S. Santos ; HIRATA, N. S. T. ; HIRATA JR., R.	Qualis nao identificado	XX Brazilian Symposium on Computer Graphics and Image Processing
trabalhoCompletoEmCongresso	2007		Structural Image Segmentation with Interactive Model Generation (ACCEPTED)	IEEE International Conference on Image Processing - ICIP	CONSULARO, L. A. ; CESAR JUNIOR, R. M. ; BLOCH, Isabelle	A1	IEEE International Conference on Image Processing
trabalhoCompletoEmCongresso	2007		Oversegmentation control for inexact graph matching: first results (ACCEPTED)	International Symposium on Mathematical Morphology - ISMM 2007	CONSULARO, L. A. ; CESAR JUNIOR, R. M. ; FIGUEIREDO, L H ; BLOCH, Isabelle	B1	International Symposium on Mathematical Morphology
trabalhoCompletoEmCongresso	2007		Computer Vision Tools for eLearning	Workshop on Computer Vision Applications for Developing Countries	COUTINHO, F. L. ; SANTOS, Thiago Teixeira ; MORIMOTO, C. H.	Qualis nao identificado	Workshop on Computer Vision Applications for Developing Countries
trabalhoCompletoEmCongresso	2007		Object Tracking Based On Graph Representations And Structural Pattern Recognition (ACCEPTED)	Brazilian Symposium on Computer Graphics	GRACIANO, A B V ; CESAR JUNIOR, R. M. ; BLOCH, Isabelle	Qualis nao identificado	Brazilian Symposium on Computer Graphics
trabalhoCompletoEmCongresso	2007	http://dx.doi.org/10.1109/ICDAR.2007.4377024	Document Processing via Trained Morphologicl Operators	9th International Conference on Document Analysis and Recognition	HIRATA, N. S. T.	A2	IEEE International Conference on Document Analysis and Recognition
trabalhoCompletoEmCongresso	2007		Basis Computation Algorithms	8th International Symposium on Mathematical Morphology	HIRATA, N. S. T. ; HIRATA JR, Roberto ; BARRERA, Junior	B1	International Symposium on Mathematical Morphology
trabalhoCompletoEmCongresso	2007		Padrões para Controle de Fluxo e sua Execução em Grade	E-Science Workshop	NARDI, A. ; FERREIRA, J. E.	Qualis nao identificado	E-Science Workshop
trabalhoCompletoEmCongresso	2007		The use of Multidimensional Scaling as Applied to the BPM Performance in Brazilian e-Government Administration	Database and Expert Systems Applications - DEXA	NETTO, F. S. ; FERREIRA, J. E. ; GOUVEA, M. A.	Qualis nao identificado	Database and Expert Systems Applications - DEXA
trabalhoCompletoEmCongresso	2007		Normative Attributes in Business Process Management Performance	18th Annual Conference of the POMS	NETTO, F. S. ; GOUVEA, M. A. ; FERREIRA, J. E.	Qualis nao identificado	18th Annual Conference of the POMS
trabalhoCompletoEmCongresso	2006		Modélisation de la relation spatiale entre pour des objets d'extensions spatiales très différentes	15e congrès francophone AFRIF-AFIA Reconnaissance des Formes et Intelligence Artificielle	BLOCH, Isabelle ; COLLIOT, O ; CESAR JUNIOR, R. M.	Qualis nao identificado	15e congrès francophone AFRIF-AFIA Reconnaissance des Formes et Intelligence Artificielle
trabalhoCompletoEmCongresso	2006		Identificación de regiones codificantes de proteínas mediante la transformada modificada de Morlet	XIII Concurso Latinoamericano de Tesis de Maestría. 32a Conferencia Latinoamericana de Informática - CLEI	CHALCO, J M ; CESAR JUNIOR, R. M.	B4	Conferencia Latinoamericana de Informática
trabalhoCompletoEmCongresso	2006		Free Head Motion Eye Gaze Tracking Using a Single Camera and Multiple Light Sources	Sibgrapi 2006 - Simpósio Brasileiro de Computação Gráfica e Processamento de Imagens	COUTINHO, F. L. ; MORIMOTO, C. H.	Qualis nao identificado	Sibgrapi 2006 - Simpósio Brasileiro de Computação Gráfica e Processamento de Imagens
trabalhoCompletoEmCongresso	2006		Large Scale Order Processing through Navigation Plan Concept	IEEE International Conference on Services Computing (SCC 2006)	FERREIRA, J. E. ; TAKAI, O. K. ; BRAGHETTO, K. R. ; PU, C.	B1	IEEE International Conference on Services Computing
trabalhoCompletoEmCongresso	2006		Evaluation of BPM in the context of a National Support Program for the State Exchequer. In: 17th Annual World Conference on Production and Operations Management, POM´S, 2006, Boston. 17th Annual World Conference on Production and Operations Management, POM´S. Boston:	OM in the New World Uncertainties	GOUVEA, M. A. ; NETTO, F. S. ; FERREIRA, J. E.	Qualis nao identificado	OM in the New World Uncertainties
trabalhoCompletoEmCongresso	2006		Motion Segmentation Using Mathematical Morphology	SIBGRAPI	Lara, Arnaldo C. ; HIRATA JR., R.	B1	
trabalhoCompletoEmCongresso	2006		Determining the Branching Structure of 3D Structures from Respective 2D Projections	Brazilian Symposium on Computer Graphics	LEANDRO, J. J. G. ; CESAR JUNIOR, R. M. ; COSTA, L. da F.	Qualis nao identificado	Brazilian Symposium on Computer Graphics
trabalhoCompletoEmCongresso	2006		Fast Marching Method to Correct for Refraction in Ultrasound Computed Tomography	IEEE Intl. Symposium on Biomedical Imaging: From Nano to Macro	LI, S. ; MUELLER, K. ; JACKOWSKI, M. ; DIONE, D. P. ; STAIB, L. H.	B1	IEEE International Symposium on Biomedical Imaging: From Nano to Macro
trabalhoCompletoEmCongresso	2006		Avaliação de Desempenho de BPM na Administração Pública Brasileira com o Uso de Análise Multivariada	XXX ENANPAD - Encontro Nacional da ANPAD - Brasil	NETTO, F. S. ; GOUVEA, M. A. ; FERREIRA, J. E.	Qualis nao identificado	XXX ENANPAD - Encontro Nacional da ANPAD - Brasil
trabalhoCompletoEmCongresso	2006		Análise de Formas 3D usando Wavelets 1D, 2D e 3D	Workshop de teses e dissertações - SIBGRAPI	PINTO, S. C. D. ; CESAR JUNIOR, R. M. ; COSTA, L. da F.	Qualis nao identificado	Workshop de teses e dissertações - SIBGRAPI
trabalhoCompletoEmCongresso	2006		Rastreamento de Componentes Conexas em Vídeo 3D para Obtenção de	Workshop de teses e dissertações - SIBGRAPI	PIRES, D da S ; CESAR JUNIOR, R. M. ; VIEIRA, M B ; VELHO, L	Qualis nao identificado	Workshop de teses e dissertações - SIBGRAPI
trabalhoCompletoEmCongresso	2006	http://dx.doi.org/10.1109/ICMLA.2006.8	A New Machine Learning Technique Based on Straight Line Segments	Fifth International Conference on Machine Learning and Applications (ICMLA 2006)	RIBEIRO, J. H. B. ; HASHIMOTO, R. F.	A1	International Conference on Machine Learning
trabalhoCompletoEmCongresso	2006		Brain Shape Characterization from Deformation	Third IEEE International Symposium on Biomedical Imaging	STAIB, L. H. ; JACKOWSKI, M. ; PAPADEMETRIS, X.	Qualis nao identificado	Third IEEE International Symposium on Biomedical Imaging
trabalhoCompletoEmCongresso	2006	http://dx.doi.org/10.1109/FGR.2006.66	Human and Machine Recognition of Fourier-Bessel Filtered Face Images	7th IEEE International Conference on Automatic Face and Gesture Recognition	ZANA, Y. ; CESAR JUNIOR, R. M. ; MENA-CHALCO, J. P.	A1	International Conference on Automatic Face and Gesture Recognition
resumoExpandidoEmCongresso	2012	Data-intensive analysis of HIV mutations	International Conference on eScience, 2012, Chicago - USA. 8th IEEE International Conference on eScience	CINTHO, M. ; CESAR JUNIOR, R. M. ; FERREIRA, J. E.	Qualis nao identificado	International Conference on eScience, 2012, Chicago - USA. 8th IEEE International Conference on eScience
resumoExpandidoEmCongresso	2012	Rede de coautoria acadêmica da UFABC	Simpósio de Pesquisa do Grande ABC, 2012, São Paulo. Simpósio de Pesquisa do Grande ABC	MENA-CHALCO, J. P. ; CAPELLE, K. ; DALPIAN, G. M.	Qualis nao identificado	Simpósio de Pesquisa do Grande ABC, 2012, São Paulo. Simpósio de Pesquisa do Grande ABC
resumoExpandidoEmCongresso	2012	TRIOS - an open source toolbox for training image operators from samples	Conference on Graphics, Patterns and Images, 25 (SIBGRAPI), 2012, Ouro Preto. Workshop of Works in Progress (WIP) in SIBGRAPI 2012 (XXV Conference on Graphics, Patterns and Images). Los Alamitos: IEEE Computer Society Conference Publishing Services	MONTAGNER, I. S. ; HIRATA JR., R. ; HIRATA, N. S. T.	B1	Conference on Graphics, Patterns and Images
resumoExpandidoEmCongresso	2012	Interação acadêmica dos docentes do IME-USP no período 2000-2011	VI Simpósio de Iniciação Científica e Pós-Graduação do IME-USP, 2012, São Paulo. VI Simpósio de Iniciação Científica e Pós-Graduação do IME-USP	PEREZ-CERVANTES, E. ; MENA-CHALCO, J. P. ; CESAR JUNIOR, R. M.	Qualis nao identificado	VI Simpósio de Iniciação Científica e Pós-Graduação do IME-USP, 2012, São Paulo. VI Simpósio de Iniciação Científica e Pós-Graduação do IME-USP
resumoExpandidoEmCongresso	2012	Prediction of Developer Participation in Issues of Open Source Projects	Simpósio Brasileiro de Sistemas Colaborativos, 2012, São Paulo. 9o Simpósio Brasileiro de Sistemas Colaborativos. Porto Alegre: Sociedade Brasileira de Computação	ROBERTO, R. L. ; SCHWERZ, A. L. ; GEROSA, M. A. ; FERREIRA, J. E.	B4	Simpósio Brasileiro de Sistemas Colaborativos
resumoExpandidoEmCongresso	2012	Uma abordagem ad hoc para o tratamento de exceções em processos transacionais	Simpósio Brasileiro de Bancos de Dados, 2012, São Paulo. Proceedings of the 27th Brazilian Symposium on Databases - Short Papers. Porto Alegre: Sociedade Brasileira de Computação	SILVA, P. P. S. B. ; BRAGHETTO, K. R. ; FERREIRA, J. E.	Qualis nao identificado	Simpósio Brasileiro de Bancos de Dados, 2012, São Paulo. Proceedings of the 27th Brazilian Symposium on Databases - Short Papers. Porto Alegre: Sociedade Brasileira de Computação
resumoExpandidoEmCongresso	2012	Methodological Guidelines and Adaptive Statistical Data Validation to Build Effective DataWarehouses	Simpósio Brasileiro de Bancos de Dados, 2012, São Paulo. Proceedings of the 27th Brazilian Symposium on Databases - Thesis and Dissertation Workshop. Sâo Paulo: Sociedade Brasileira de Computação	TAKECIAN, P. L. ; FERREIRA, J. E.	Qualis nao identificado	Simpósio Brasileiro de Bancos de Dados, 2012, São Paulo. Proceedings of the 27th Brazilian Symposium on Databases - Thesis and Dissertation Workshop. Sâo Paulo: Sociedade Brasileira de Computação
resumoExpandidoEmCongresso	2011	Performance Evaluation of Business Processes through a Formal Transformation to SAN	8th European Performance Engineering Workshop (EPEW 2011), 2011, Borrowdale, Reino Unido. Lecture Notes in Computer Science: LNCS, vol. 6977. Germany: Springer-Verlag	BRAGHETTO, K. R. ; FERREIRA, J. E. ; VINCENT, J.	Qualis nao identificado	8th European Performance Engineering Workshop (EPEW 2011), 2011, Borrowdale, Reino Unido. Lecture Notes in Computer Science: LNCS, vol. 6977. Germany: Springer-Verlag
resumoExpandidoEmCongresso	2011	Rede colaborativa dos pesquisadores dos programas de pós-graduação em fonoaudiologia no Brasil	XII Encontro Nacional de Pesquisa em Ciência da Informação, 2011, Brasília. XII Encontro Nacional de Pesquisa em Ciência da Informação	DANUELLO, J. C. ; MENA-CHALCO, J. P. ; OLIVEIRA, E. F. T.	Qualis nao identificado	XII Encontro Nacional de Pesquisa em Ciência da Informação, 2011, Brasília. XII Encontro Nacional de Pesquisa em Ciência da Informação
resumoExpandidoEmCongresso	2010	A depth compensation method for cross-ratio based eye tracking	the 2010 Symposium, 2010	Coutinho, Flavio L. ; Morimoto, Carlos H.	Qualis nao identificado	the 2010 Symposium, 2010
resumoExpandidoEmCongresso	2010	Towards an automated method for incisor mandibular plane angle calculation: application to orthodontics	XXIII Brazilian Symposium on Computer Graphics and Image Processing (SIBGRAPI), 2010, Gramado, RS. XXIII Brazilian Symposium on Computer Graphics and Image Processing (SIBGRAPI)	MIZUTA, W. ; SILVA, F. ; JACKOWSKI, M.	Qualis nao identificado	XXIII Brazilian Symposium on Computer Graphics and Image Processing (SIBGRAPI), 2010, Gramado, RS. XXIII Brazilian Symposium on Computer Graphics and Image Processing (SIBGRAPI)
resumoExpandidoEmCongresso	2010	Context switching for fast key selection in text entry applications	the 2010 Symposium, 2010	Morimoto, Carlos H. ; AMIR, Arnon	Qualis nao identificado	the 2010 Symposium, 2010
resumoExpandidoEmCongresso	2010	Preliminary results on 3D facial expression analysis using 2D and 3D wavelet transforms	23rd Brazilian Symposium on Computer Graphics and Image Processing SIBGRAPI 2010, 2010, Gramado. 23rd Brazilian Symposium on Computer Graphics and Image Processing SIBGRAPI 2010, Conference Proceedings	PINTO, S. C. D. ; MENA-CHALCO, J. P. ; LOPES, F. M. ; CESAR JUNIOR, R. M.	Qualis nao identificado	23rd Brazilian Symposium on Computer Graphics and Image Processing SIBGRAPI 2010, 2010, Gramado. 23rd Brazilian Symposium on Computer Graphics and Image Processing SIBGRAPI 2010, Conference Proceedings
resumoExpandidoEmCongresso	2010	Sistema de Acessibilidade a Cores - Visocor	Brazilian Symposium on Computer Graphics and Image Processing, 2010, Gramado. Workshop of Undergraduate Works	Rafael de O. L. Gonçalves ; André Shoji Asato ; HIRATA JR., R.	Qualis nao identificado	Brazilian Symposium on Computer Graphics and Image Processing, 2010, Gramado. Workshop of Undergraduate Works
resumoExpandidoEmCongresso	2010	A Brownian motion simulator for analysis of water diffusion signal in neuronal tissue: an investigation of DT-MRI patterns in the brain	XXIII Brazilian Symposium on Computer Graphics and Image Processing (SIBGRAPI), 2010, Gramado, RS. XXIII Brazilian Symposium on Computer Graphics and Image Processing (SIBGRAPI)	REAL, L. C. ; Mekkaoui, Choukri ; JACKOWSKI, M.	Qualis nao identificado	XXIII Brazilian Symposium on Computer Graphics and Image Processing (SIBGRAPI), 2010, Gramado, RS. XXIII Brazilian Symposium on Computer Graphics and Image Processing (SIBGRAPI)
resumoExpandidoEmCongresso	2010	Automatic classification of metallic targets using pattern recognition of GPR reflection: a study in the IAG-USP Test Site	XIII International Conference on Ground Penetrating Radar, 2010, Leece, Italy. XIII International Conference on Ground Penetrating Radar	SANTOS, V. R. N. ; Porsani, J.L. ; Hirata, N.S.T.	Qualis nao identificado	XIII International Conference on Ground Penetrating Radar, 2010, Leece, Italy. XIII International Conference on Ground Penetrating Radar
resumoExpandidoEmCongresso	2009	Inference of gene regulatory network using temporal coefficient of determination obtained from ergodic Markov chains	Genomic Signal Processing and Statistics - GENSIPS, 2009, Minneapolis. IEEE International Workshop on Genomic Signal Processing and Statistics	Higa, Carlos ; HASHIMOTO, R. F. ; Hirata Jr., Roberto ; HIRATA, N. S. T. ; Carlos S. Santos	B4	IEEE International Workshop on Genomic Signal Processing and Statistics
resumoExpandidoEmCongresso	2009	MIV: A Cardiac Image Visualizer	Brazilian Symposium on Computer Graphics and Image Processing - Sibgrapi, 2009, Rio de Janeiro. 22nd Brazilian Symposium on Computer Graphics and Image Processing. SIBGRAPI, 2009	Luis Roberto Pereira de Paula ; Carlos S. Santos ; Marco Antônio Gutierrez ; Marina Rebelo ; Hirata Jr., Roberto	Qualis nao identificado	Brazilian Symposium on Computer Graphics and Image Processing - Sibgrapi, 2009, Rio de Janeiro. 22nd Brazilian Symposium on Computer Graphics and Image Processing. SIBGRAPI, 2009
resumoExpandidoEmCongresso	2009	Erosões e Dilatações Morfológicas Binárias Seqüenciais Rápidas	XXIX Congresso da Sociedade Brasileira de Computação, 2009, Bento Gonçaves. Anais do CSBC 2009 - CTD	MACHADO, A. F. ; HASHIMOTO, R. F.	Qualis nao identificado	XXIX Congresso da Sociedade Brasileira de Computação, 2009, Bento Gonçaves. Anais do CSBC 2009 - CTD
resumoExpandidoEmCongresso	2009	3D facial animation based on structural registration	Brazilian Symposium on Computer Graphics and Image Processing SIBGRAPI 2009, 2009, Rio de Janeiro. Brazilian Symposium on Computer Graphics and Image Processing, Conference Proceedings, 2009	MATTOS, A. B. ; CESAR JUNIOR, R. M.	Qualis nao identificado	Brazilian Symposium on Computer Graphics and Image Processing SIBGRAPI 2009, 2009, Rio de Janeiro. Brazilian Symposium on Computer Graphics and Image Processing, Conference Proceedings, 2009
resumoExpandidoEmCongresso	2008	Watershed Transform based Interactive Image Segmentation Tool	XI Brazilian Symposium on Computer Graphics and Image Processing - SIBGRAPI, 2008, 2008, Campo Grande. Proceedings of the XXIst Brazilian Symposium on Computer Graphics and Image Processing - Technical Posters	B. Klava ; HIRATA, N. S. T.	Qualis nao identificado	XI Brazilian Symposium on Computer Graphics and Image Processing - SIBGRAPI, 2008, 2008, Campo Grande. Proceedings of the XXIst Brazilian Symposium on Computer Graphics and Image Processing - Technical Posters
resumoExpandidoEmCongresso	2008	Considerations on Using CoD for Inference of Gene Regulation Networks	4th X-Meeting, 2008, Salvador. 4th X-Meeting	Higa, Carlos ; HASHIMOTO, R. F. ; Hirata Jr., Roberto ; HIRATA, N. S. T.	Qualis nao identificado	4th X-Meeting, 2008, Salvador. 4th X-Meeting
resumoExpandidoEmCongresso	2008	Automatic Contour Extraction Of Neurons In Presence Of Overlap	3rd Workshop on Bio-Image Informatics: Biological Imaging, Computer Vision and Data Mining, 2008, 2008, Santa Barbara, CA. 3rd Workshop on Bio-Image Informatics: Biological Imaging, Computer Vision and Data Mining, 2008	LEANDRO, J. J. G. ; CESAR JUNIOR, R. M. ; COSTA, L F	Qualis nao identificado	3rd Workshop on Bio-Image Informatics: Biological Imaging, Computer Vision and Data Mining, 2008, 2008, Santa Barbara, CA. 3rd Workshop on Bio-Image Informatics: Biological Imaging, Computer Vision and Data Mining, 2008
resumoExpandidoEmCongresso	2008	AGN Simulation and Validation Model	III Brazilian Symposium on Bioinformatics, 2008. Lecture Notes in Computer Science	LOPES, Fabrício Martins ; CESAR JUNIOR, R. M. ; COSTA, L. F.	B4	Brazilian Symposium on Bioinformatics
resumoExpandidoEmCongresso	2007	Watershed segmentation: Switching back and forth between markers and hierarchies	8th International Symposium on Mathematical Morphology, 2007, Rio de Janeiro. Proceedings of ISMM 2007 - Extended abstracts	B. Klava ; HIRATA, N. S. T.	B1	International Symposium on Mathematical Morphology
resumoExpandidoEmCongresso	2007	Efficient Binary Erosion Algorithm Based on a String-Matching-Like Technique	International Symposium on Mathematical Morphology, 2007, Rio de Janeiro. International Symposium on Mathematical Morphology	MACHADO, A. F. ; HASHIMOTO, R. F. ; LAGO, A. P.	B1	International Symposium on Mathematical Morphology
